"2023-03-04 20:40:26,575","[INFO]:","no error: 29 "
"2023-03-04 20:40:26,576","[INFO]:","no error: 18 "
"2023-03-04 20:40:26,576","[INFO]:","no error: 37 "
"2023-03-04 20:40:26,576","[INFO]:","no error: 1 "
"2023-03-04 20:40:26,576","[INFO]:","no error: 47 "
"2023-03-04 20:40:26,576","[INFO]:","no error: 36 "
"2023-03-04 20:40:26,576","[INFO]:","no error: 71 "
"2023-03-04 20:40:26,576","[INFO]:","no error: 53 "
"2023-03-04 20:40:26,576","[INFO]:","no error: 64 "
"2023-03-04 20:40:26,576","[INFO]:","no error: 30 "
"2023-03-04 20:40:26,576","[INFO]:","no error: 16 "
"2023-03-04 20:40:26,576","[INFO]:","no error: 7 "
"2023-03-04 20:40:26,576","[INFO]:","no error: 75 "
"2023-03-04 20:40:26,576","[INFO]:","no error: 96 "
"2023-03-04 20:40:26,576","[INFO]:","no error: 69 "
"2023-03-04 20:40:26,576","[ERROR]:","alert: 99 "
"2023-03-04 20:40:26,576","[INFO]:","no error: 43 "
"2023-03-04 20:40:26,576","[INFO]:","no error: 90 "
"2023-03-04 20:40:26,576","[INFO]:","no error: 83 "
"2023-03-04 20:40:26,576","[INFO]:","no error: 23 "
"2023-03-04 20:40:26,577","[INFO]:","no error: 35 "
"2023-03-04 20:40:26,577","[INFO]:","no error: 53 "
"2023-03-04 20:40:26,577","[INFO]:","no error: 32 "
"2023-03-04 20:40:26,577","[INFO]:","no error: 69 "
"2023-03-04 20:40:26,577","[INFO]:","no error: 39 "
"2023-03-04 20:40:26,577","[INFO]:","no error: 3 "
"2023-03-04 20:40:26,577","[INFO]:","no error: 92 "
"2023-03-04 20:40:26,577","[INFO]:","no error: 86 "
"2023-03-04 20:40:26,577","[ERROR]:","alert: 33 "
"2023-03-04 20:40:26,577","[INFO]:","no error: 83 "
"2023-03-04 20:40:26,577","[INFO]:","no error: 57 "
"2023-03-04 20:40:26,577","[INFO]:","no error: 71 "
"2023-03-04 20:40:26,577","[INFO]:","no error: 67 "
"2023-03-04 20:40:26,577","[INFO]:","no error: 24 "
"2023-03-04 20:40:26,577","[INFO]:","no error: 71 "
"2023-03-04 20:40:26,577","[INFO]:","no error: 16 "
"2023-03-04 20:40:26,577","[INFO]:","no error: 8 "
"2023-03-04 20:40:26,577","[INFO]:","no error: 56 "
"2023-03-04 20:40:26,577","[INFO]:","no error: 100 "
"2023-03-04 20:40:26,577","[INFO]:","no error: 17 "
"2023-03-04 20:40:26,577","[INFO]:","no error: 6 "
"2023-03-04 20:40:26,578","[INFO]:","no error: 75 "
"2023-03-04 20:40:26,578","[INFO]:","no error: 13 "
"2023-03-04 20:40:26,578","[INFO]:","no error: 39 "
"2023-03-04 20:40:26,578","[INFO]:","no error: 64 "
"2023-03-04 20:40:26,578","[INFO]:","no error: 12 "
"2023-03-04 20:40:26,578","[INFO]:","no error: 56 "
"2023-03-04 20:40:26,578","[INFO]:","no error: 60 "
"2023-03-04 20:40:26,578","[INFO]:","no error: 70 "
"2023-03-04 20:40:26,578","[INFO]:","no error: 26 "
"2023-03-04 20:40:26,578","[INFO]:","no error: 48 "
"2023-03-04 20:40:26,578","[ERROR]:","alert: 55 "
"2023-03-04 20:40:26,578","[INFO]:","no error: 52 "
"2023-03-04 20:40:26,578","[INFO]:","no error: 13 "
"2023-03-04 20:40:26,578","[INFO]:","no error: 58 "
"2023-03-04 20:40:26,578","[INFO]:","no error: 34 "
"2023-03-04 20:40:26,578","[INFO]:","no error: 71 "
"2023-03-04 20:40:26,578","[INFO]:","no error: 93 "
"2023-03-04 20:40:26,578","[INFO]:","no error: 32 "
"2023-03-04 20:40:26,578","[INFO]:","no error: 45 "
"2023-03-04 20:40:26,578","[INFO]:","no error: 85 "
"2023-03-04 20:40:26,578","[INFO]:","no error: 23 "
"2023-03-04 20:40:26,579","[INFO]:","no error: 86 "
"2023-03-04 20:40:26,579","[INFO]:","no error: 67 "
"2023-03-04 20:40:26,579","[INFO]:","no error: 32 "
"2023-03-04 20:40:26,579","[INFO]:","no error: 2 "
"2023-03-04 20:40:26,579","[INFO]:","no error: 41 "
"2023-03-04 20:40:26,579","[INFO]:","no error: 32 "
"2023-03-04 20:40:26,579","[INFO]:","no error: 32 "
"2023-03-04 20:40:26,579","[INFO]:","no error: 1 "
"2023-03-04 20:40:26,579","[INFO]:","no error: 19 "
"2023-03-04 20:40:26,579","[INFO]:","no error: 5 "
"2023-03-04 20:40:26,579","[INFO]:","no error: 53 "
"2023-03-04 20:40:26,579","[INFO]:","no error: 20 "
"2023-03-04 20:40:26,579","[INFO]:","no error: 43 "
"2023-03-04 20:40:26,579","[INFO]:","no error: 3 "
"2023-03-04 20:40:26,579","[ERROR]:","alert: 0 "
"2023-03-04 20:40:26,579","[INFO]:","no error: 13 "
"2023-03-04 20:40:26,579","[INFO]:","no error: 53 "
"2023-03-04 20:40:26,579","[INFO]:","no error: 47 "
"2023-03-04 20:40:26,579","[INFO]:","no error: 29 "
"2023-03-04 20:40:26,579","[INFO]:","no error: 41 "
"2023-03-04 20:40:26,579","[INFO]:","no error: 21 "
"2023-03-04 20:40:26,579","[INFO]:","no error: 67 "
"2023-03-04 20:40:26,580","[INFO]:","no error: 85 "
"2023-03-04 20:40:26,580","[INFO]:","no error: 81 "
"2023-03-04 20:40:26,580","[INFO]:","no error: 10 "
"2023-03-04 20:40:26,580","[INFO]:","no error: 53 "
"2023-03-04 20:40:26,580","[INFO]:","no error: 59 "
"2023-03-04 20:40:26,580","[INFO]:","no error: 83 "
"2023-03-04 20:40:26,580","[INFO]:","no error: 48 "
"2023-03-04 20:40:26,580","[INFO]:","no error: 25 "
"2023-03-04 20:40:26,580","[ERROR]:","alert: 55 "
"2023-03-04 20:40:26,580","[INFO]:","no error: 28 "
"2023-03-04 20:40:26,580","[INFO]:","no error: 26 "
"2023-03-04 20:40:26,580","[INFO]:","no error: 16 "
"2023-03-04 20:40:26,580","[INFO]:","no error: 80 "
"2023-03-04 20:40:26,580","[INFO]:","no error: 92 "
"2023-03-04 20:40:26,580","[INFO]:","no error: 15 "
"2023-03-04 20:40:26,580","[INFO]:","no error: 23 "
"2023-03-04 20:45:13,401","[INFO]:","no error: 74 "
"2023-03-04 20:45:13,702","[INFO]:","no error: 30 "
"2023-03-04 20:45:13,913","[INFO]:","no error: 21 "
"2023-03-04 20:45:14,173","[INFO]:","no error: 26 "
"2023-03-04 20:45:15,035","[INFO]:","no error: 86 "
"2023-03-04 20:45:16,036","[INFO]:","no error: 100 "
"2023-03-04 20:45:16,878","[INFO]:","no error: 84 "
"2023-03-04 20:45:17,729","[INFO]:","no error: 85 "
"2023-03-04 20:45:17,860","[INFO]:","no error: 13 "
"2023-03-04 20:45:17,881","[INFO]:","no error: 2 "
"2023-03-04 20:45:18,592","[INFO]:","no error: 71 "
"2023-03-04 20:45:19,113","[INFO]:","no error: 52 "
"2023-03-04 20:45:19,734","[INFO]:","no error: 62 "
"2023-03-04 20:45:20,075","[INFO]:","no error: 34 "
"2023-03-04 20:45:20,586","[INFO]:","no error: 51 "
"2023-03-04 20:45:21,357","[ERROR]:","alert: 77 "
"2023-03-04 20:45:21,528","[INFO]:","no error: 17 "
"2023-03-04 20:45:21,799","[INFO]:","no error: 27 "
"2023-03-04 20:45:22,350","[ERROR]:","alert: 55 "
"2023-03-04 20:45:22,881","[INFO]:","no error: 53 "
"2023-03-04 20:45:23,803","[INFO]:","no error: 92 "
"2023-03-04 20:45:23,903","[INFO]:","no error: 10 "
"2023-03-04 20:45:24,765","[INFO]:","no error: 86 "
"2023-03-04 20:45:25,716","[INFO]:","no error: 95 "
"2023-03-04 20:45:26,688","[INFO]:","no error: 97 "
"2023-03-04 20:45:27,089","[INFO]:","no error: 40 "
"2023-03-04 20:45:27,640","[ERROR]:","alert: 55 "
"2023-03-04 20:45:27,951","[INFO]:","no error: 31 "
"2023-03-04 20:45:28,662","[INFO]:","no error: 71 "
"2023-03-04 20:45:29,163","[INFO]:","no error: 50 "
"2023-03-04 20:45:29,414","[INFO]:","no error: 25 "
"2023-03-04 20:45:29,945","[INFO]:","no error: 53 "
"2023-03-04 20:45:30,516","[INFO]:","no error: 57 "
"2023-03-04 20:45:31,347","[INFO]:","no error: 83 "
"2023-03-04 20:45:31,828","[INFO]:","no error: 48 "
"2023-03-04 20:45:32,750","[INFO]:","no error: 92 "
"2023-03-04 20:45:33,271","[INFO]:","no error: 52 "
"2023-03-04 20:45:33,722","[INFO]:","no error: 45 "
"2023-03-04 20:45:34,043","[INFO]:","no error: 32 "
"2023-03-04 20:45:34,904","[INFO]:","no error: 86 "
"2023-03-04 20:45:35,165","[INFO]:","no error: 26 "
"2023-03-04 20:45:35,787","[INFO]:","no error: 62 "
"2023-03-04 20:45:36,638","[INFO]:","no error: 85 "
"2023-03-04 20:45:37,149","[INFO]:","no error: 51 "
"2023-03-04 20:45:37,931","[INFO]:","no error: 78 "
"2023-03-04 20:45:38,251","[INFO]:","no error: 32 "
"2023-03-04 20:45:38,943","[INFO]:","no error: 69 "
"2023-03-04 20:45:39,454","[INFO]:","no error: 51 "
"2023-03-04 20:45:39,764","[INFO]:","no error: 31 "
"2023-03-04 20:45:39,946","[INFO]:","no error: 18 "
"2023-03-04 20:45:40,206","[INFO]:","no error: 26 "
"2023-03-04 20:45:40,357","[INFO]:","no error: 15 "
"2023-03-04 20:45:40,788","[INFO]:","no error: 43 "
"2023-03-04 20:45:41,349","[INFO]:","no error: 56 "
"2023-03-04 20:45:41,850","[INFO]:","no error: 50 "
"2023-03-04 20:45:42,831","[INFO]:","no error: 98 "
"2023-03-04 20:45:43,052","[ERROR]:","alert: 22 "
"2023-03-04 20:45:43,143","[INFO]:","no error: 9 "
"2023-03-04 20:45:43,634","[INFO]:","no error: 49 "
"2023-03-04 20:45:44,444","[INFO]:","no error: 81 "
"2023-03-04 20:45:45,425","[INFO]:","no error: 98 "
"2023-03-04 20:45:45,976","[ERROR]:","alert: 55 "
"2023-03-04 20:45:46,928","[INFO]:","no error: 95 "
"2023-03-04 20:45:47,819","[INFO]:","no error: 89 "
"2023-03-04 20:45:48,009","[INFO]:","no error: 19 "
"2023-03-04 20:45:48,951","[INFO]:","no error: 94 "
"2023-03-04 20:45:49,872","[INFO]:","no error: 92 "
"2023-03-04 20:45:50,283","[INFO]:","no error: 41 "
"2023-03-04 20:45:51,064","[INFO]:","no error: 78 "
"2023-03-04 20:45:51,285","[ERROR]:","alert: 22 "
"2023-03-04 20:45:51,956","[INFO]:","no error: 67 "
"2023-03-04 20:45:51,956","[ERROR]:","alert: 0 "
"2023-03-04 20:45:52,507","[ERROR]:","alert: 55 "
"2023-03-04 20:45:52,948","[ERROR]:","alert: 44 "
"2023-03-04 20:45:53,148","[INFO]:","no error: 20 "
"2023-03-04 20:45:53,979","[INFO]:","no error: 83 "
"2023-03-04 20:45:54,200","[ERROR]:","alert: 22 "
"2023-03-04 20:45:55,190","[ERROR]:","alert: 99 "
"2023-03-04 20:45:55,561","[INFO]:","no error: 37 "
"2023-03-04 20:45:55,722","[INFO]:","no error: 16 "
"2023-03-04 20:45:56,032","[INFO]:","no error: 31 "
"2023-03-04 20:45:56,163","[INFO]:","no error: 13 "
"2023-03-04 20:45:56,333","[INFO]:","no error: 17 "
"2023-03-04 20:45:56,895","[INFO]:","no error: 56 "
"2023-03-04 20:45:57,496","[INFO]:","no error: 60 "
"2023-03-04 20:45:57,526","[INFO]:","no error: 3 "
"2023-03-04 20:45:57,636","[ERROR]:","alert: 11 "
"2023-03-04 20:45:58,227","[INFO]:","no error: 59 "
"2023-03-04 20:45:58,818","[INFO]:","no error: 59 "
"2023-03-04 20:45:59,520","[INFO]:","no error: 70 "
"2023-03-04 20:45:59,800","[INFO]:","no error: 28 "
"2023-03-04 20:45:59,961","[INFO]:","no error: 16 "
"2023-03-04 20:46:00,032","[INFO]:","no error: 7 "
"2023-03-04 20:46:00,743","[INFO]:","no error: 71 "
"2023-03-04 20:46:00,754","[INFO]:","no error: 1 "
"2023-03-04 20:46:01,024","[INFO]:","no error: 27 "
"2023-03-04 20:46:01,155","[INFO]:","no error: 13 "
"2023-03-04 20:46:01,816","[ERROR]:","alert: 66 "
"2023-03-04 20:46:02,217","[INFO]:","no error: 40 "
"2023-03-04 20:46:02,428","[INFO]:","no error: 21 "
"2023-03-04 20:47:59,710","[INFO]:","no ERROR: 42 "
"2023-03-04 20:48:00,641","[INFO]:","no ERROR: 93 "
"2023-03-04 20:48:00,702","[INFO]:","no ERROR: 6 "
"2023-03-04 20:48:00,932","[INFO]:","no ERROR: 23 "
"2023-03-04 20:48:01,753","[INFO]:","no ERROR: 82 "
"2023-03-04 20:48:02,755","[INFO]:","no ERROR: 100 "
"2023-03-04 20:48:03,306","[ERROR]:","ALERT: 55 "
"2023-03-04 20:48:03,637","[ERROR]:","ALERT: 33 "
"2023-03-04 20:48:03,798","[INFO]:","no ERROR: 16 "
"2023-03-04 20:48:04,139","[INFO]:","no ERROR: 34 "
"2023-03-04 20:48:04,610","[INFO]:","no ERROR: 47 "
"2023-03-04 20:48:05,101","[INFO]:","no ERROR: 49 "
"2023-03-04 20:48:05,492","[INFO]:","no ERROR: 39 "
"2023-03-04 20:48:06,333","[INFO]:","no ERROR: 84 "
"2023-03-04 20:48:07,075","[INFO]:","no ERROR: 74 "
"2023-03-04 20:48:07,796","[INFO]:","no ERROR: 72 "
"2023-03-04 20:48:08,087","[INFO]:","no ERROR: 29 "
"2023-03-04 20:48:08,287","[INFO]:","no ERROR: 20 "
"2023-03-04 20:48:08,658","[INFO]:","no ERROR: 37 "
"2023-03-04 20:48:09,520","[INFO]:","no ERROR: 86 "
"2023-03-04 20:48:10,031","[INFO]:","no ERROR: 51 "
"2023-03-04 20:48:10,672","[INFO]:","no ERROR: 64 "
"2023-03-04 20:48:11,053","[INFO]:","no ERROR: 38 "
"2023-03-04 20:48:11,894","[INFO]:","no ERROR: 84 "
"2023-03-04 20:48:12,365","[INFO]:","no ERROR: 47 "
"2023-03-04 20:48:13,217","[INFO]:","no ERROR: 85 "
"2023-03-04 20:48:13,417","[INFO]:","no ERROR: 20 "
"2023-03-04 20:48:13,979","[INFO]:","no ERROR: 56 "
"2023-03-04 20:48:14,700","[INFO]:","no ERROR: 72 "
"2023-03-04 20:48:15,501","[INFO]:","no ERROR: 80 "
"2023-03-04 20:48:15,822","[INFO]:","no ERROR: 32 "
"2023-03-04 20:48:15,973","[INFO]:","no ERROR: 15 "
"2023-03-04 20:48:16,304","[ERROR]:","ALERT: 33 "
"2023-03-04 20:48:16,505","[INFO]:","no ERROR: 20 "
"2023-03-04 20:48:17,486","[INFO]:","no ERROR: 98 "
"2023-03-04 20:48:17,817","[ERROR]:","ALERT: 33 "
"2023-03-04 20:48:18,398","[INFO]:","no ERROR: 58 "
"2023-03-04 20:48:18,419","[INFO]:","no ERROR: 2 "
"2023-03-04 20:48:19,229","[INFO]:","no ERROR: 81 "
"2023-03-04 20:48:20,151","[INFO]:","no ERROR: 92 "
"2023-03-04 20:48:20,732","[INFO]:","no ERROR: 58 "
"2023-03-04 20:48:20,783","[INFO]:","no ERROR: 5 "
"2023-03-04 20:48:20,803","[INFO]:","no ERROR: 2 "
"2023-03-04 20:48:21,544","[INFO]:","no ERROR: 74 "
"2023-03-04 20:48:22,506","[INFO]:","no ERROR: 96 "
"2023-03-04 20:48:22,636","[INFO]:","no ERROR: 13 "
"2023-03-04 20:48:23,378","[INFO]:","no ERROR: 74 "
"2023-03-04 20:48:24,119","[INFO]:","no ERROR: 74 "
"2023-03-04 20:48:24,710","[INFO]:","no ERROR: 59 "
"2023-03-04 20:48:25,342","[INFO]:","no ERROR: 63 "
"2023-03-04 20:48:25,632","[INFO]:","no ERROR: 29 "
"2023-03-04 20:48:26,304","[INFO]:","no ERROR: 67 "
"2023-03-04 20:48:26,435","[INFO]:","no ERROR: 13 "
"2023-03-04 20:48:26,435","[ERROR]:","ALERT: 0 "
"2023-03-04 20:48:27,326","[INFO]:","no ERROR: 89 "
"2023-03-04 20:48:28,237","[INFO]:","no ERROR: 91 "
"2023-03-04 20:48:28,338","[INFO]:","no ERROR: 10 "
"2023-03-04 20:48:29,340","[INFO]:","no ERROR: 100 "
"2023-03-04 20:48:29,961","[INFO]:","no ERROR: 62 "
"2023-03-04 20:48:30,372","[INFO]:","no ERROR: 41 "
"2023-03-04 20:48:31,173","[INFO]:","no ERROR: 80 "
"2023-03-04 20:48:31,615","[ERROR]:","ALERT: 44 "
"2023-03-04 20:48:32,116","[INFO]:","no ERROR: 50 "
"2023-03-04 20:48:33,057","[INFO]:","no ERROR: 94 "
"2023-03-04 20:48:33,919","[INFO]:","no ERROR: 86 "
"2023-03-04 20:48:33,959","[INFO]:","no ERROR: 4 "
"2023-03-04 20:48:34,951","[ERROR]:","ALERT: 99 "
"2023-03-04 20:48:35,352","[INFO]:","no ERROR: 40 "
"2023-03-04 20:48:35,963","[INFO]:","no ERROR: 61 "
"2023-03-04 20:48:35,994","[INFO]:","no ERROR: 3 "
"2023-03-04 20:48:36,555","[INFO]:","no ERROR: 56 "
"2023-03-04 20:48:36,565","[INFO]:","no ERROR: 1 "
"2023-03-04 20:48:36,636","[INFO]:","no ERROR: 7 "
"2023-03-04 20:48:36,737","[INFO]:","no ERROR: 10 "
"2023-03-04 20:48:37,508","[ERROR]:","ALERT: 77 "
"2023-03-04 20:48:38,199","[INFO]:","no ERROR: 69 "
"2023-03-04 20:48:38,570","[INFO]:","no ERROR: 37 "
"2023-03-04 20:48:38,781","[INFO]:","no ERROR: 21 "
"2023-03-04 20:48:39,641","[INFO]:","no ERROR: 86 "
"2023-03-04 20:48:40,342","[INFO]:","no ERROR: 70 "
"2023-03-04 20:48:40,803","[INFO]:","no ERROR: 46 "
"2023-03-04 20:48:40,874","[INFO]:","no ERROR: 7 "
"2023-03-04 20:48:41,215","[INFO]:","no ERROR: 34 "
"2023-03-04 20:48:41,626","[INFO]:","no ERROR: 41 "
"2023-03-04 20:48:42,518","[INFO]:","no ERROR: 89 "
"2023-03-04 20:48:42,558","[INFO]:","no ERROR: 4 "
"2023-03-04 20:48:43,109","[ERROR]:","ALERT: 55 "
"2023-03-04 20:48:43,640","[INFO]:","no ERROR: 53 "
"2023-03-04 20:48:44,452","[INFO]:","no ERROR: 81 "
"2023-03-04 20:48:44,622","[INFO]:","no ERROR: 17 "
"2023-03-04 20:48:45,404","[INFO]:","no ERROR: 78 "
"2023-03-04 20:48:46,145","[INFO]:","no ERROR: 74 "
"2023-03-04 20:48:46,546","[INFO]:","no ERROR: 40 "
"2023-03-04 20:48:46,947","[INFO]:","no ERROR: 40 "
"2023-03-04 20:48:47,548","[INFO]:","no ERROR: 60 "
"2023-03-04 20:48:47,869","[INFO]:","no ERROR: 32 "
"2023-03-04 20:48:48,821","[INFO]:","no ERROR: 95 "
"2023-03-04 20:48:48,871","[INFO]:","no ERROR: 5 "
"2023-03-04 20:48:49,112","[INFO]:","no ERROR: 24 "
"2023-03-04 20:48:49,984","[INFO]:","no ERROR: 87 "
